연월,갈매기살,갈비/삼겹살,갈치/생선구이,게장전문,고기부페,고등어전문,곰장어전문,곱창/양구이전문,국수/만두/칼국수,굴요리전문,기사식당,기타고기요리,기타서양음식전문,꼬치구이전문점,나이트클럽,낙지/오징어,냉면집,닭갈비전문,닭내장/닭발요리,닭도리탕전문,도너츠전문,도시락전문점,돈가스전문점,돌구이요리전문,돌솥/비빔밥전문점,동남아음식전문점,두부요리전문,떡/한과,떡볶이전문,라면김밥분식,룸살롱/단란주점,막창구이,매운탕전문,민물장어전문,민속주점,바닷가재/게요리전문,바베큐전문,버섯전문점,보리밥전문,복전문,부대찌개/섞어찌개,부페,불고기전문,불닭전문,빠/카페,사철탕전문,삼계탕전문,샌드위치/브런치/샐러드,생과일주스전문점,생선찜전문,샤브샤브전문,설렁탕집,소주방/포장마차,수산물전문음식점,순대전문점,순두부전문,스낵,스테이크전문점,스파게티전문점,쌈밥전문,아구전문,아이스크림/빙수,오리고기전문,옻닭전문,와플/파이/디저트,우동전문점,이자까야,일반유흥주점,일반한식/백반,일식,재첩국전문,전통찻집/인삼찻집,정통양식/경양식,제과점,조개구이전문,족발/보쌈전문,죽전문점,중국음식,찐빵/만두,찜닭전문점,참치전문점,철판구이요리전문,초밥전문,추어탕전문,카레전문점,커피전문점,케익전문점,콩나물국밥,토스트전문,토종닭전문,파전전문,패밀리레스토랑,패스트푸드,퓨전음식전문,피자전문,한식부페,한정식전문,핫도그,해물찜/탕전문,해장국/감자탕,호두과자,호떡/붕어빵,호프/맥주,홍어전문,황태전문,횟집,후라이드/양념치킨,탕수육전문점,해물부페,보드게임카페
2019-01,361566924,24369353616,533604967,57585215,164664660,646638333,1189072287,1135387477,6403133784,352796150,85270750,694720459,115977960,1849660988,932199778.0,1350091855,570104648,625790331,1215909142,16732664,367311317,264823794,1145927340,86888111,480131250,434285619,160948866,1509896615,1138361965,5957849419,8591581955,1359547954,325435291,466719870,292486293,972357761,200575872,53413518,79603086,135419566,628206317,1160265672,114395181,188951196,1170783268,124593017,684770340,389796572,168785744,211043158,1224700916,842711689,1914459177,1967535459,1273069544,803807206,730496859,765394669,467385909,13112445,916888822,945157862,659638399,9114430,175047402,401182030,532218876,15107351681,84102157014,7842164280,9032815.0,1445850426,6733350309,8484577172,274690871,2045681860,365522652,8666349778,602037373,108651379,482453353,78212831.0,2072828263,263942325,124562875,15776811807,106291910,316462259,131114131,90093703,103293593,791783994,5229775559,42100881,2071829223,105796800,184076375,237174567,662781582,7761814635,22451026.0,48191082,7847453050,79581036,58619184,18241898672,10048877468,,,
2019-02,320615760,22367934520,629333079,40258668,96994171,671161644,921645273,1031222694,6053418575,278962321,115042011,582008775,139205388,1839019518,794880305.0,1236220182,566148390,529686529,1046189563,13152910,306262018,215160000,1025539953,69550839,452111658,386171357,114139283,1784807926,945061032,5278877018,7849936047,1317851751,300281404,401747524,251017720,675443828,199445696,40681474,79276863,51987273,630050180,961105893,82336723,167665966,1307803059,116321743,565457173,318767470,196273058,260818804,971419511,719208108,1619874934,1700992997,987739995,777982424,847540745,717219974,392064810,20580880,738526620,937155241,606160625,11022000,190954749,340285185,509845286,13918848330,75604747295,7312411585,12810750.0,1444065462,6394294250,7955431007,199855496,1734306586,300408720,8044352058,473263649,82068105,374204000,87102322.0,1892545147,199288021,130567139,15212076104,64373087,264240852,142475674,63097223,93376343,728431040,4696345995,24741700,1908998558,86889795,202680192,209816576,679870376,6587446986,9357332.0,37032199,7424288821,59769537,53307286,16670961975,8635721529,,,
2019-03,366051836,22762538150,594528118,31612114,122070983,621995764,1190395363,1162217081,5881694730,208215088,151383854,561904410,142994693,1867235626,1243356500.0,1401938695,689200200,602979629,1110561807,12142900,356341517,241683069,1021836418,81357962,394958851,432850604,214588018,1453016505,1104913579,5513566160,9118636843,1287243275,323753013,448297784,273091629,682417487,209747832,42474912,100810500,55089419,619654013,1090178049,99622477,164558721,1429932930,195822606,733454627,426829459,191197355,354425296,1170481115,788457518,1779665062,1712770269,1146010627,1047507537,754333348,726099103,381830802,26279876,936339102,941714789,760050460,19255900,206302845,363085858,475032874,16973341652,83079409197,7722048701,9597565.0,1468813832,6649712387,8633112362,198960606,2137050823,330915884,8853764240,622942906,119824632,485665501,78258217.0,2181949747,229037539,137405337,15814578876,124127915,283298410,133489550,130369023,109264478,539811071,4594427379,53610734,1827953224,104247255,251212468,232883597,677296020,7425127759,83565024.0,41866465,8219818499,67157244,66081823,17726488298,9334250366,,,
2019-04,365737036,22607556394,637279440,34473209,107957576,825736850,1182171794,1050005185,6154215271,218188340,82168511,586822492,211092360,1748082251,1253790550.0,1281762128,824718399,610929928,1011937369,24308628,362753725,338861481,1056847357,117612001,519544542,398607955,149164361,1702694283,1129126706,5604684892,8537102558,1266979204,359965370,316752397,304662990,592687825,238843292,40174463,106406003,112041717,661798385,1089325813,116696190,187921618,1814747706,158969020,742185794,391403610,190585352,386244191,1035633135,715000985,1523920727,1795597313,1104967249,1170962889,782051821,712362224,335974725,15725000,774111152,1060146729,634962073,15700000,205472279,405278734,523255218,14934034519,85442832137,7958802184,9782953.0,1339259708,6627042522,8177533260,214986044,2005565081,376096441,8659682353,564864415,102756978,501794336,76695537.0,2192864910,290226417,101522369,16057977388,77756168,259503046,126897502,127056184,81811080,472965187,4618809031,30574134,1671320254,79926896,206923068,267232780,735508310,6981599526,40536817.0,46805632,8122047684,100452131,52841506,18778168169,8965365905,,,
2019-05,319419125,24199251080,782394979,56633875,115491636,662582700,1312366655,1154762813,6759780821,182514108,66670592,685016933,223902206,1688743701,1027946653.0,1379528100,1376137784,593571958,1075875983,21307000,403678025,344679257,1143585847,158816636,499797335,430407528,170382064,1548972146,1251996015,6067767241,8745494250,1389577350,312227172,529782176,283112721,665947953,226354721,42100613,106966531,55603735,602238567,1134665896,110065209,183381892,1727153979,185072738,865519585,515017830,249076332,471583415,1197055631,801070662,1750121635,2213254229,1156992198,1292673225,1015711477,850508182,446098436,19236139,879420024,1294134822,814648418,10382143,221259177,1031890470,526003004,16450999314,93310042940,9102661128,13365275.0,1462985490,7816155883,8610835808,200704000,2096351101,366948192,9210190661,603957813,122019323,569145469,72558233.0,2321006651,260194303,151055653,18283059547,103307078,260276736,157214124,163053464,85882395,539680600,5187582654,44554365,1819502823,95954800,239194743,289207689,775884795,6855305912,31339634.0,40988570,8357399399,77445728,74683923,19358886744,9710805639,,,
2019-06,359859665,23666945871,851142463,28911513,139883032,807926189,1183016949,1078690385,7149008630,173980084,67418439,675424099,250962152,1674226394,1160393887.0,1400393041,1257106612,559905919,1105259354,15394848,377847395,316049462,1157835150,191208290,489872256,434023213,203938018,1504196412,1166855833,6307979283,8329130810,1235106750,290114691,414906656,302942320,596303098,261212001,34736091,94247701,83801115,651639809,1045519794,118400966,194216389,1483825469,213534939,887203849,468955878,262748725,413049999,978800974,724154193,1871464801,2171179855,1050904829,1275112210,1094203640,789096972,402943077,16491999,759416860,1276858024,682843690,29761846,205747006,958461606,447485258,15753007443,93312507569,8703328163,12950452.0,1662591393,8294600082,8251820736,220659932,2050684331,301825380,9277472941,568589025,126529922,454769716,52812472.0,2200863713,210850199,161232770,18856497063,101621550,274822251,130696507,159755657,96226666,521778445,5274689792,36027522,1829776497,94751185,228694371,282877980,791273441,6745349256,24739069.0,48755881,8823785095,50778750,58104557,21355741557,10166288691,2112000.0,984000.0,
2019-07,336975021,24545711228,895964439,43597672,98431200,916437641,1391530305,1024876190,7625737894,147400003,75927497,763784753,262606307,1697110789,849786436.0,1327896557,1439428445,526245823,1093914396,14229000,443755291,298842523,1346471722,190042063,534806920,435752072,179566557,1339581634,1248149609,6525670859,8489489813,1087439987,293131051,456748829,244460682,519672857,271583473,31228304,95921456,126081881,676321659,1206880242,86857352,181242983,1391175875,244540812,1549953447,439287689,279362130,391501891,927756580,849626168,1868906622,2448429352,1198356665,1236237183,1538726262,863203142,405030171,22342109,743930934,1494155039,633930450,55999308,242394669,1110833190,466314680,15493949962,96286282702,8418430434,,1415315655,8505198961,8399507001,191064205,2106656039,316906619,9586424183,764377670,80899452,450123495,19991306.0,2145188093,251026985,160302449,20335134949,116054742,295216487,121791643,205250398,99939231,532870092,5670680412,49087479,2272314474,154462993,259976178,286822625,727703317,6730211568,59317382.0,44579701,8711640197,63459928,63014776,19329810511,10602136419,10927250.0,4542500.0,
2019-08,320315874,28271649625,1170860146,47253879,150862464,1018481954,1555505202,1008443272,8917914799,162470048,77627570,846125341,313899397,1918605855,876205447.0,1573695214,1618326727,722194955,1169448032,11191666,507949897,380321632,1387358986,231975258,553138163,495046577,195981478,1528642762,1265447276,7551099487,8805902539,1115547591,295212670,566257348,248321820,674898187,257697649,29117346,97948858,52989065,714313240,1217055603,118492169,177973440,1588538938,306651956,1160542789,566305779,382997082,449070090,1139407286,903936346,1929352300,2791180829,1220288188,1366786521,2159609256,817666086,493165058,23618202,943142633,1627782181,681602277,38848002,297706182,1243664305,485242484,16033038940,111757029950,9693245810,,2016485722,9664065792,9613792331,205529590,2392319264,329124914,10669504562,739883587,119545796,497556362,12075230.0,2368100632,238053495,202305250,24090496712,127650553,367593289,169857398,238926974,88607492,625182145,6346683408,93172005,2341467604,181155008,270661911,273886935,891678467,7470962814,54359581.0,48098244,9731739353,61994800,64270323,21572191353,11362156216,12071770.0,6143063.0,
2019-09,331909330,20411716787,726401046,36979151,89781237,737591773,1083577140,840670748,6116394761,143455091,66370755,744918964,274210309,1837856749,958692790.0,1275618370,652706741,598110815,1017293474,13495384,431912483,256630699,1105956273,93265992,397328615,438029370,122171598,2001995256,1058746971,5242723895,8010086796,1020166105,240779546,377290862,240436332,560538681,202918365,35925260,92585810,47227180,655479657,1029585366,120271754,170549586,1577872800,139384884,627518363,487171790,213637033,401049550,1025874699,762091269,1664016863,2277756815,1008402845,1334169712,1410616793,723628050,315994895,21769999,727753193,1204413681,476758386,6084166,188517301,972902357,443455954,15206501322,78365902147,6820331952,,1779666237,6289021363,8788247811,231886716,1660816567,269076606,8163275515,662651587,106098202,407033592,6350400.0,1736312149,234329502,158257972,17651895726,87849773,351105908,110322575,82291582,138524887,659430998,4506472697,35780391,1750525786,159925942,195211817,204539950,781926725,6859174130,18296700.0,38933212,8830911000,68704455,55098345,17341315750,8783587169,17010000.0,5221000.0,
2019-10,337747663,24997205409,1112166195,70215364,126984798,821706293,1337664412,928214010,7478803939,265566226,93504740,869020064,316381274,1825653648,1365572427.0,1355362983,630822883,725374268,1116782360,15037667,685568811,373043707,1339053071,133692867,510349199,583854695,239913259,1744290278,1186963457,6591493463,8871011847,1190718761,327181846,398457507,338456974,582346789,226993534,32215144,101642665,98348147,837145361,1134168653,124139009,217335020,1577763273,157078625,657153057,509284495,265874482,460934914,1163483239,919302710,1891382999,2331978025,1330766838,1629928988,1560641448,762311888,344135568,38937103,865378850,1023036990,590674553,10604000,191296000,980148734,491714296,16266229157,100062780805,8856814107,,552030202,7589410558,9518524882,301417311,2077789363,353033270,9349915967,853483050,118767949,504489711,12449077.0,2056804944,263421011,134972975,21390873555,98106297,424986085,152567435,129863286,121396500,438145486,4893395577,38160895,1839571715,195333735,221253162,249443438,972684140,8132622726,12253500.0,43271185,9116020166,96208381,64850508,21890608515,10015732569,28014774.0,8311154.0,
2019-11,370290624,23856986935,1118363329,60730439,86177560,941005723,1251218380,1090226856,6640584572,475199678,54804292,853118728,238300108,1868961543,1473242149.0,1394837198,610714730,757579312,1125654343,27480257,624185080,350951148,1295698067,58223740,434768129,523268263,124789648,1765231660,1098038834,5938171680,8619722638,1183863705,324636940,421564897,305614805,711594683,231913331,46665383,100648193,149758794,882469318,1076451620,89906687,194826163,1565552642,154145508,624786460,440478199,193879724,393802244,1100762722,886816891,1959881311,2008837556,1336335147,1514696970,1496561550,783947275,333225817,30424958,820734900,866642997,496317946,11480362,167104962,892046213,479586167,17542712988,93713738195,8462245934,,504559637,6592341358,9227959427,430285044,1940651306,347493317,8646386161,917755531,107250200,443828015,12438399.0,1955192174,251901334,149260088,19873221506,114381629,394680412,150610131,176747847,137979740,481978799,4178877653,31630706,1677575530,173547825,189082766,202809218,866599757,8206891701,955800.0,42834755,9015858221,58502813,54731249,21336413124,9356406056,21652860.0,6378668.0,
2019-12,355510978,25502926419,1213183293,62438628,505939526,850534754,1343614616,1057355651,6877030018,430578826,66919795,941850656,149152560,2032666293,1258315141.0,1163537061,440481617,719607148,1105690647,19451430,743809150,339348761,1463244267,90135957,557336320,585586889,242883449,1623209979,1147332310,6187822149,8961130134,1164139739,306762575,564385647,274207567,1085480605,266035881,61652888,99968290,75393365,918212424,1291628406,100806262,191525827,1417815466,190405436,656874818,572231434,160266262,496854269,1385437875,985053621,2025041356,2070806165,1295861082,1790764305,1208292381,1025600476,322044649,24092320,870794325,1178219441,598192693,8976000,281687511,987135217,458269464,16834350657,93218356853,7899291131,,1983462510,7308225849,9932781053,355881006,1984158661,451860956,9318972666,800904910,129764030,514745258,7671429.0,2244717632,265481006,197788668,19821261443,141504812,407767693,145901319,96199016,95847142,695626452,4508361906,16791897,1947647730,195028107,162014345,191698614,843755980,8350342524,534600.0,70360642,8886284158,53706720,59656800,21107688137,10226311865,18731045.0,4234000.0,6760000.0
2020-01,346469181,23992992139,1264732848,46611239,454577836,821767704,1177065126,1170997453,6459482449,329722645,49127117,898949543,110025048,1802002522,834636352.0,1070955031,466722445,905461503,1210698151,13976315,722707951,280605173,1482655670,92222755,490116752,496011314,175297776,2326342074,1078958139,5450571373,7584843931,1196320460,324067068,383375500,246813550,875663659,229317553,38410424,105614370,77404475,880709133,1185637813,114593172,195694345,1374727118,161782511,634935007,565130701,173148509,346763692,1053618949,962187989,1905303041,2027865663,1337544006,1745547929,1111552294,805404054,336547732,25301885,762324182,1086973555,508562355,2275000,277616982,977437122,464367070,14488828336,84171316389,7179635622,,1872410874,6787149174,9228623886,257149157,1834801547,346013508,9360127575,737027172,113776583,400240418,9418800.0,1965891471,223089827,157480578,18846164172,114984462,411842502,124598592,77926611,130019608,664576801,4525268397,18300181,1827971474,133320000,174537287,172368627,939951757,7837766325,3850000.0,73601880,8701392553,65003693,53454528,19481366338,9862008898,21468784.0,648000.0,2160000.0
2020-02,301306134,16782101939,577618965,36711626,342125539,435704088,1063316973,820784785,4651469943,251985460,52985315,602502379,89573155,1324643241,119918800.0,1079572138,410602628,704987731,1034850261,10302848,566144564,330498199,1278719470,79578378,293983394,461294080,114128890,1243434408,958174035,4459813663,6882762922,1147798253,241529675,366266756,210121248,534960624,185767745,37090383,88715826,47918296,868841499,595595484,92662596,175877686,1024564978,150087534,596646183,448915038,104101224,319814919,945681301,817749401,1869571649,1208929335,1193726320,1319642340,748480055,592433712,217166634,17641451,914292473,801006410,509301919,8580000,186718983,564954862,314240388,13508538025,61928009772,4892225371,,970149310,4925158710,7859426660,195977448,1735712275,244416887,7343277120,636982899,114743714,360008692,4515400.0,1558369983,199051664,98729352,13685806666,98376866,298782235,125816110,70840931,109033068,355506444,3601746766,18149975,1647143539,131927928,92735093,161044212,545252333,6626321707,51000.0,57843410,7286857683,60622299,32716870,11511431791,8816574019,33875742.0,,
2020-03,267290452,15594541072,498451575,47652800,293007130,480798057,913046362,938374354,4561696865,200161754,54587674,665306055,106254080,1377131367,4392000.0,1033727042,523480682,702616323,1082588299,7351636,612556293,306650110,1303701433,93869866,275298746,457879138,117698152,1141597143,937080172,4460298601,6653663845,1058144760,195871457,381563747,237146847,341479663,189029966,28065717,79884472,54140552,869954200,449134617,77087547,189359712,936480771,155257592,594217390,457419088,96691595,299058558,877548577,839660761,1647674734,1305811364,1321117988,1253590169,746679245,562962546,238412113,21806403,805019891,980703068,398691003,8162000,201568954,480033714,367004648,12273812044,59423743203,4855720914,,946701879,4783651459,8434321502,180769910,1927709677,231398882,7603242991,696520655,102741165,393650654,9514286.0,1594485309,200870224,131041130,13816538299,122750002,324681346,156126228,121260730,92012729,278215397,3851643454,30268512,1712342478,153431139,62882288,171754164,430301360,6303451099,953833.0,56833784,7437884992,60922235,51338952,10633807065,9022086918,21186203.0,948000.0,
2020-04,323410672,15536318724,513312034,44133446,288863413,376192176,1034711852,891322126,4691762526,102873253,74532261,701927935,103764953,1458633494,101844800.0,1039532686,727144636,698231134,1067434205,52412414,659383596,273794602,1261873223,89793998,230237656,442892624,131555558,1571162881,962413114,4454670739,6808472779,1131214726,185195571,376619841,246265064,423260306,206582291,27256975,94192820,48593169,866087441,359155817,74183860,157795951,1158553888,207780302,613829946,551666538,104770038,341619168,953539746,838217033,1655683478,1362793601,1207793676,1308591201,751922055,629414287,277977276,17111445,879834612,1083189011,429402195,11748751,208232090,543012026,373503104,11809389766,65027386557,5804419749,,879034157,5133068466,8270663048,283204888,1900567903,196141048,7840194431,693064211,147315598,392060284,1620000.0,1709428200,202268854,149021855,14767193661,121566243,315733966,154468573,143751353,96041212,335023027,3845056869,22017324,1597744655,126300552,80484563,212756847,426280738,6455699817,408333.0,48612507,7380883954,87517536,54825740,11579123785,8931351514,15506400.0,2508333.0,
2020-05,346538081,21232359318,896258658,71811212,361016932,645383105,1468112046,1118058411,6334772206,170713525,63320889,818733010,180014368,1702203670,125140086.0,1250801053,1211093976,769248009,1171374907,69767116,793632852,347606110,1531404549,93015001,346735603,631927412,122465437,2055704471,1104269760,5741584937,7265253890,1117935152,262262003,600906030,265471857,574576636,188688208,36500339,119727431,83347825,998610042,909464201,97661832,203591240,1437037019,212391726,796982508,641041644,147955224,389151532,1134078810,935288985,1841270012,2251528882,1238332105,1512266001,1122059971,792361258,337306380,31619782,869229788,1369701113,656850981,9149556,300835987,782926175,413250944,13763997154,86543880161,7880617282,,1539582476,7478597279,9506168876,269389456,2002810436,253899466,9524282195,801467822,147213922,503448493,7323750.0,2250708149,205826922,192338534,19735074538,186262525,341454247,165342708,193291241,84510773,550128216,4586062851,45417200,1928638954,174996512,138121828,182731371,702396877,7510796058,696600.0,43264793,8998665075,84333120,44462867,17934649745,10469559550,14669555.0,5566000.0,
2020-06,269448244,20504161697,860938513,52609564,235888279,694652353,1032049544,1153041955,6634027810,190329240,55753032,883745898,160274453,1516671512,,1105180927,1269965430,695587646,1083034491,61472353,722031955,521460067,1313907269,101861560,305890544,577650351,144306521,1487855982,882454718,5537105238,7081999717,1025025833,263959286,619604289,279449443,519925514,202092625,36033395,101659058,74322172,938769783,907535573,100671330,178655551,1354432428,231961079,870021544,665924910,189858014,314652338,934482495,837608437,2038101084,2062925343,1199408262,1389414436,1026591730,620795252,333589567,28986868,737874308,1398498545,554133123,24618521,246308776,791124582,384234397,13416484035,85872678004,7581976892,,1645309898,7906537775,8668541158,232886877,1771866992,238209288,8353302480,732112225,109368527,406393649,6918400.0,1940337580,209786502,174904301,20142454353,160111925,250234557,147744933,220778860,143724396,363482782,4458404793,43765321,1670900536,127249776,138742815,159749947,758304169,7199726382,1086890.0,25146367,8951739701,101909293,45612213,19999355475,9690136616,13223296.0,5196800.0,5400000.0
2020-07,263335055,22642461822,1131876928,54205714,252082081,758480341,1547784962,1219462581,7039770733,146033034,43065958,925765264,206877175,1626988346,,1224761744,1122106022,741267916,1137738497,62150517,860366648,412022624,1367879106,113888858,396422331,574048888,166728615,1749917651,952183013,6101740718,7464614331,946228480,295299945,836746444,300072575,554256003,205355250,27331667,115835491,170781983,979321235,877174438,113489081,173985281,1449373976,255800475,1430108094,641309481,207825202,331035973,989331086,1034864794,2271960302,2415553931,1207493002,1369088035,1316987295,720902186,404515832,35829394,784309306,1550157497,574662598,62208830,330286888,874938446,357968560,13638882695,98516885387,8235215149,,2042257254,9070321242,9523112867,239792350,1942099152,237404291,9382994902,873359713,124710279,414662835,10902100.0,2025128846,218075372,206335714,23113702044,177391388,252230816,160971868,312407132,108593623,357158704,4713261473,57085944,1787018293,166835908,190437921,170895298,779506398,7483200537,842400.0,28252347,9800930780,78608958,47998730,22547025258,10140374774,5872500.0,,6480000.0
2020-08,264449207,27057252291,1862387429,80434521,266310183,1146086135,1665717097,1214143049,8306931628,153956243,53319106,1038132829,377964435,1691043705,,1328236255,1697180919,737847587,1246126615,75214406,1091309619,452846608,1567185795,94995677,528826672,622770128,173052180,1844458689,1200672535,7433835095,6954314717,885674076,287208919,806879829,229933482,595701930,225337575,37415685,87796040,165148839,1060058369,989568437,195823722,178939699,1735849884,281971200,1249124572,776305444,311881856,360637381,1010034934,1109890358,2231574638,2927480118,1165150956,1474237433,1728399399,903469239,475759800,51500710,928345145,2090637185,561921800,39861612,451370409,1085290340,406415560,12493944005,119322337487,10023906916,,2623033080,11061023277,11111785211,192091183,2457171824,229191842,10857617483,827247462,171930283,521820420,14097980.0,2333317816,232929753,310974060,28350385558,142558868,272156900,148295655,387045080,109936624,376449313,5703179401,83508777,2159651480,134042622,274245588,199354117,883046825,8482144475,1413750.0,24185435,10196366997,71082800,48469713,25932151557,11889979641,15943824.0,,6480000.0
2020-09,285762358,19069955980,1065057493,53797135,210985238,737426155,1190891698,1134765730,5375255673,127436280,61749675,802724736,288257106,1512625880,,1138143640,695394428,656614292,1134824960,82187070,883658498,437049373,1230416236,96411278,339677731,543201719,132938901,2688613555,1004792552,5811018655,6206139696,847084485,265904436,554843354,203335075,432014299,167829300,29140042,80189955,176712402,1049569353,463811271,158720726,167605624,1282217313,172416822,609968985,683187720,190328363,285412923,865594522,828634560,1880853060,1973733398,1149389123,1347825201,1084093386,749372439,341564868,54501516,883742260,1285105617,370592176,15466000,315548531,729014741,326751888,11232490119,81761506608,6664977508,,1480922482,7647309847,10212298507,282795169,1822039142,204866788,8711016390,779985932,154940238,429546256,15711740.0,1863742878,234452273,201093914,18602528443,135641492,243979292,151311947,150548400,154977654,262066061,4353583635,50188475,1692494237,52461519,120931570,140970330,554606756,7657196993,1329569.0,23784212,8017057892,95870766,59765955,19012944287,9202428742,11128999.0,,10400000.0
2020-10,325445265,24920032399,1560747030,88032881,209151595,1042264178,1305947965,1226945379,6902102088,250898371,70712383,963265817,434373845,1971261476,263867773.0,1371548820,737560309,795489677,1268285634,76189906,960559991,442087055,1429380930,82629416,411422629,582861699,120952275,1928952344,1095267559,6760884337,6276556276,1015076479,343679726,645775693,292133403,609566474,167080500,27446665,94221448,180652920,1080744370,678866253,124516902,187754422,1559607964,191267906,645142846,689407442,211212227,398429725,1165660257,925556843,2300971411,2568233395,1176197545,1558678260,1263605572,790946785,395175858,62852911,950806835,1230901497,440870094,7986000,363867089,729058101,410762880,12042706864,105662383251,9157335471,,2352364602,9130065632,10789682369,437591877,1838631654,254579266,9918745964,795843745,198868240,497432414,3774000.0,2464788936,252710668,264854261,24135280624,169429325,289966319,170488719,175070904,106079481,355934623,4598959465,45984280,1774887912,64642229,166529066,153588449,783671491,8739794737,598166.0,28409489,9526854890,67985687,59591534,24227415643,9479018922,22413416.0,,6480000.0
2020-11,281476831,26196168685,1823940453,95148445,201969147,1048779205,1286618589,1209133294,6837807584,414402591,86572169,915738504,333798189,1900983737,309012711.0,1294158775,585212536,705833894,1206349062,61576970,1048628379,401277022,1310126302,99088690,494338537,567976216,134540327,2373465589,1146236843,6631783622,6752494211,869798514,376269142,729958175,265190728,635933263,193479377,13873125,116027315,191532950,1117408352,1151205017,136965808,182403394,1529425162,175916794,529306920,693500185,159005103,328608008,1206125297,888393954,2178131285,2499454924,1380000237,1602710594,1280458125,781367772,379320391,91230188,954435830,1045949994,523753191,11611995,325328259,757426585,316967962,13225244668,106659645678,8885378280,,2436802830,7933932009,11183996103,496280678,1950539434,262953676,10068249844,883893805,265809253,440682059,8212500.0,2281774441,263206179,237340446,22747481566,187518045,287266755,134924206,244776905,117594830,365109606,4289826116,49997410,1735974431,88321001,217902618,119676342,751862449,9122925410,1592500.0,28251194,9158531774,77272674,59728573,25635927189,9525475238,12951764.0,,21580000.0
2020-12,191901950,15597943574,968039122,58321200,135844649,528301094,874710415,880262047,4361986826,347685473,77198476,624642322,254728997,1114311211,,907846132,395628299,476491496,996878560,43743894,976682215,411718004,1067734543,84544797,293885876,432880175,105018190,1565704151,1062626117,5016825891,3513741181,589027404,243672369,471214753,178618935,493096824,128846997,10627941,58945211,129070713,941970278,684844017,129521871,250235238,994550227,169739747,447217344,489618057,63452570,293614098,866102224,826401039,1443342608,1583900507,1181948872,1280661778,744449831,914788988,263676969,54362293,929972638,1241354525,296769527,11097668,354393328,440490033,180168657,6935412121,65497668397,5900326942,,1489765409,5171034700,10653788724,306436690,1818890215,305013319,8442068877,729027839,246876370,407484190,,1742465237,239873042,157515565,15197169603,194074540,206855285,125252179,112725852,71174195,209220412,3968716008,39828013,1932923328,49652984,112244074,150202213,400883353,7109781983,1589000.0,38377554,5518381352,65062364,49710460,15979424660,8854810897,16571333.0,,
2021-01,135801688,14250505348,642633319,50866980,145600256,617825347,868090421,746363445,3954729666,230766220,55334120,616456677,260975416,779247333,,906503305,391447748,461143610,836307097,48522040,820059267,282605109,1051828211,68159046,276256528,434134297,96031694,1219970096,921171065,4455147127,139508572,646455659,283325564,500793370,132707652,454218879,118824912,11387500,56468480,118537146,815321170,405985096,111729728,226563064,2608425017,138732754,414538614,490200751,73064994,230834205,777008866,732444418,731176363,1335855101,1207893027,1244718774,681969759,741340742,189939400,41455467,823092589,1113572669,287419363,4917000,355317717,398479447,84104533,201847059,55381888374,4725225433,,1059874735,4178908288,9230153933,154430396,1531696957,247841691,8050105159,683709791,248307322,322351248,,1552662109,219115689,175473178,13824868586,178191586,174834408,145265641,86492193,68103282,299848994,3912996601,32915176,1837196939,45194996,109946607,148390296,292498143,6704979484,1103110.0,35093798,3351540039,69579579,62915916,13043042344,7955985715,5238286.0,,
2021-02,171739523,18824859924,1033570963,69781387,147257614,956008891,885273357,1042487877,5378607330,208413220,68635296,740890676,320675936,1342792852,,881759444,482989562,552772035,770030720,35519596,856254216,228852345,1108788148,59951241,401633689,511671419,92339907,2316054706,882448870,5052754011,1581074904,783616716,276641258,511826820,167394529,419464592,119819529,13877036,67507560,144867789,855044749,542337123,99600128,225431204,1279951608,138412010,419613088,574955875,125607774,265816905,853953839,794245759,1188439074,1921755136,1041046859,1260767996,955271793,837966711,346736825,61383517,830808125,1097649341,316607883,9704571,431895830,589220674,139527184,2515408005,73588455676,6480986142,,1696017304,6405517741,10048211943,207066123,1507178627,230093557,8024660014,660321355,223366449,448189260,,1781988166,218047810,197887985,18066490049,145105833,197207584,142106175,94926737,85756872,280306131,4333231620,106771296,1559222085,50144423,189358926,128907069,450153269,6831412969,710286.0,18156880,6175892355,101715836,46385010,17622259599,7307420670,7504000.0,,
2021-03,235637008,22425121640,1363413763,87929511,165503483,1022480464,1087243668,1348697473,6117912138,182044725,64318966,940702183,355323594,1697320812,55970000.0,1019185766,719112612,714891712,895280817,50967000,942698870,321505443,1263483756,97219758,452013461,659217949,137768514,2192170883,988300690,5831181351,5300377564,916603065,314686617,662184377,208567515,420746384,148300932,13194450,91712228,161164781,1053208757,400867522,172495255,247335236,1479740387,211359040,570714020,854346485,132508116,348295044,1133180113,908974768,1790606835,2145034064,1258487939,1440690623,1057996923,796599512,394107606,118632576,902702614,1144181124,386116870,19498734,446085607,649619785,241947160,9625285025,88043179096,7829512712,,1987228321,7748293878,10938600789,288979580,1559542285,274447292,8956597222,740536770,280972337,597642673,,2195919665,272131315,266194813,21240198499,180708959,271296192,184444569,177628556,91416584,367187630,4275618086,128503116,1621074449,80329485,228210185,161232330,462459632,8057998477,1056250.0,26135665,8585253560,172445830,56348932,19934137414,7814711256,13231333.0,,11700000.0
2021-04,257641586,25848070245,2146949848,136594174,255089129,1291639653,1355496260,1300874319,7844822443,163986763,45643879,1091846215,542808555,1813259456,86430768.0,1109092112,1033653648,1132172215,838410940,33559819,1106771436,306605018,1322137680,79029468,496305439,638999013,145857022,2715570436,1047555164,6590400647,6297396839,851748573,382089427,598460151,215734316,612006423,174257096,17956399,100483510,192383735,1013701899,389853989,204720330,297041875,2008252359,314344137,574858491,871155250,173374105,368902922,1084664310,1002155013,1897426151,2682013354,1217169107,1510528059,1122296986,852297694,419841847,75231648,915533267,1331368635,462304893,21807158,466338858,808185216,219955054,12824623228,104627090433,9351170210,,2560246483,9313999746,11807748939,270257965,1598604279,290921795,9256961144,769270076,264296343,541093632,35362500.0,2442535225,249041281,284583264,26211132092,161866301,217179270,177038882,190285965,112700925,458463484,4767370496,141912545,1573623405,58408934,328214925,182196915,670184318,8302100428,702335.0,27316787,8733371543,172449673,62849000,25661877108,8423427788,37963204.0,,
2021-05,248499017,30053648221,2686952702,176094443,256782826,1566169900,1570248481,1148675981,8753072766,83986835,48010391,1138296067,400265546,2203393770,71753847.0,937926592,1369678707,943336969,941888487,22328093,792010772,361896227,1387609598,83821705,383577270,493562641,128488126,2636101860,1140543317,8015930213,5099757918,879473957,533869566,945538974,359020415,691297544,162798757,23201294,66666840,208798454,918908171,501367458,251392753,278700831,2860487987,411940846,910312188,1120267502,587212685,476539325,1324339438,1303088688,2279103155,3804763679,1007604365,1620865070,1262367259,1474924595,408065982,112006665,974799994,1658790889,497135673,26145000,678025443,828409477,179719617,8555362542,119953812703,9880805497,,2210026145,10854358012,14602261034,308850690,1624662723,248378364,11431846548,871418997,201077770,632575688,39060000.0,2419806220,432281657,331567643,28040388193,179883400,235228427,192261802,292145167,88721615,643474380,6247915855,214811527,1984193022,70114490,339138251,168564850,952594608,8417870648,564665.0,40249636,10074229661,153925275,68379915,30303301231,9183567754,41466329.0,,
2021-06,156655062,26362390975,2079274788,104742661,225142006,1252615838,1230769660,1023896210,8345075177,136050879,52492591,786118763,650926494,1326980437,197323078.0,1018328524,1424130214,1104245603,833973996,58431999,917335894,384080738,1415309926,84961561,468932426,698455804,187497517,2768311233,888581981,7089329382,2762424881,641927498,375169870,552279970,187394289,583287385,175407113,14653447,72553216,125338059,869099085,485602198,352157291,329770257,1306827530,377900870,753560514,950687826,257177384,295423355,1134905041,965963819,1307997178,2736819359,1166701008,1259534770,1144457981,692104806,516164991,63846737,740272370,1735844641,465138820,15297723,465486824,932198815,142753576,4179291537,102053318403,9160494486,,1942593595,9411531425,10827824222,116944057,1672167503,276458122,9661707311,718031881,235781253,554339444,50778000.0,2368057827,228838032,240988197,26941135836,145854472,148308726,195187467,197934329,94503136,557438276,5998564482,223688329,1749139606,76755623,295473300,159754994,697999648,7655117537,138484500.0,23239814,6029348206,103140201,46065701,28585846812,9159580678,54395007.0,,
2021-07,189414187,27346288774,1949997109,290360805,269599939,1266647545,1430804016,1178285579,8686216748,125624836,44523569,853118836,668946470,1516678430,,1132483254,1484883967,1086595112,855882901,97332000,1022883565,410030449,1498259923,66443316,482133442,764352888,221389550,2331776247,929392732,7509030632,2523715024,724670940,365530748,747727639,237875245,702742090,195644078,16560000,79842271,138692075,922545853,617113630,304600933,354768658,2332442192,417909293,1322166088,964786938,263254946,319417042,1066056508,1052185262,1614899199,2922205350,1263257298,1251266172,1353089230,1029399713,628882179,77785807,843590151,2004269914,538605586,39205444,498416140,954255438,159904160,5216355926,105428600650,9342243066,,1972315438,9947336065,11038587374,204110740,1832065978,246847184,10301193296,657903005,297017615,549426579,61380000.0,2643452146,252682781,327757642,29158810842,149951976,188914391,189042669,329157703,119127075,507044522,6596572444,213539662,1964831940,87328888,322846488,185600779,674087007,8010172601,,22665925,7788299560,104601930,50617835,25903208196,10120094382,59177557.0,,
2021-08,124256170,26607034887,2462197980,235674329,196764239,1360602519,1506752928,1069206930,8915833679,125947929,29633114,800984753,595209040,1277226249,,958566024,1370368269,969664804,806923069,80412210,1152935213,405303838,1482800176,57373279,507264916,713141929,193161579,2151125526,871542441,7213954633,264070306,550366992,331750077,691069204,204807274,872625453,178563936,12869484,81705165,106853339,881061736,612617189,302670441,303805059,1424593574,365221369,841719115,969144038,269694269,309610091,1087087273,1074804317,989826862,2918784070,1337616419,1255091957,1307170003,967015486,584068113,65280446,841183985,2057649693,405290570,17053543,612799229,973754192,120547033,89248317,102232974951,8863732490,,1954302039,9566574907,11631789506,148448770,1849207892,282681438,11006775384,702081216,353317459,495478101,75330000.0,2600886188,271255113,313500041,29467266456,155191108,170098435,188938703,215532322,89651408,513087377,6724793028,223391495,2175596777,76395960,300104458,146165322,745675329,8081598363,,21064779,6180195338,107547912,59852002,23956749362,9743960382,56024225.0,,
2021-09,135843876,24205834941,2177075761,198198245,156188876,1263233932,1458985335,1026882381,7425128239,110071292,36154958,803910187,522532128,1137407089,,911621399,873892538,871536683,781644121,107298683,1045483387,374880379,1353996282,47566862,428810102,748851535,134694957,3147560785,841768007,6073730517,796490759,553562443,301986523,523993789,211292458,621056307,147325035,15554484,62704350,122135804,870095942,494577237,136252778,319564700,1398821714,285103943,513485973,974988864,230063929,326199908,1105486657,955835424,1010693089,2469735822,1285268548,1171583081,1085881943,907933333,472057702,63640357,753177478,1594972532,404047587,9009334,539015456,936541595,144807656,1276024494,90082399618,7731443287,,1598362353,8264044485,10976030138,225732926,1616348317,313189946,9464506397,563713927,308189995,565053443,109926000.0,2784116564,232180304,267420515,26202768299,152983314,181020372,176158191,160493724,91051780,484375028,6201348535,188090455,1824753229,40754281,282110878,125661209,633681039,7848263294,158863835.0,16278922,5781692856,116516251,65234291,21440143047,8154116327,68800282.0,,
